,Numerator,Denominator,Cosine_Similarity
9110.txt,0.043043116549245,0.0,inf
6346.txt,0.034056838960015004,0.0,inf
945.txt,0.036937454494414136,0.0,inf
7196.txt,12.896178914374055,27.931624715827883,2.440129922154708
6768.txt,14.243651690414632,45.55262818305293,2.1103992584291635
96.txt,11.759960150042783,96.20199366496978,1.1989851768606923
8305.txt,5.324735880340183,21.79317067087703,1.1406118010741537
4948.txt,6.422680114840211,39.72812464946377,1.0189837537559536
1557.txt,6.88861431148308,59.7720878608498,0.8910101605850517
6591.txt,7.326794661206937,87.19405689668736,0.7846402417340909
9568.txt,5.3365000034283145,56.18838114984887,0.7119233775258633
5533.txt,7.326031152783627,124.96576491710739,0.6553498964939507
3898.txt,4.9366118661717655,59.816727073444746,0.6382894401587443
847.txt,6.466558184434235,106.71816125374202,0.625970724759017
7815.txt,4.977609320231391,84.35119087614461,0.5419699380206341
3369.txt,7.291974313823612,209.64055395071756,0.5036252324762875
731.txt,6.445736339135405,213.10208349459154,0.4415487797953519
9610.txt,6.468501076888357,218.49069892759334,0.4376099396874502
3983.txt,7.337031767448448,300.3301479703176,0.4233708322876687
5639.txt,4.97066870513178,205.6869498431758,0.3465863459915783
3118.txt,0.04582096204814575,0.34225618358447363,0.07832286253833805
9615.txt,0.023056224295194053,1.333798537178911,0.019963793546145404
2398.txt,0.0299968393948041,2.364219916865138,0.01950884517177733
1636.txt,0.03917183349077806,6.533566139401428,0.01532493897672396
9186.txt,0.05431449075103038,15.997295952755758,0.01357977024687966
5219.txt,0.023056224295194053,2.9264329615233757,0.013477796617384007
4529.txt,0.051998068724445984,15.303195634405462,0.01329217800358053
9776.txt,0.036937454494414136,8.138702782071528,0.012947602828436862
8905.txt,0.034056838960015004,8.053591796982843,0.012000781516019
823.txt,0.036937454494414136,9.577071132579235,0.011935774540246693
5042.txt,0.04793806915923509,19.563932462342624,0.010838082689821348
3529.txt,0.05487868425884514,27.608417147033588,0.01044438653704051
3609.txt,0.06700073835822895,49.30947358506726,0.009541450589652252
7285.txt,0.04387806959402418,23.67785531339662,0.009017296113121543
2209.txt,0.06117306282041996,46.55581791143454,0.008965473782503074
4100.txt,0.034056838960015004,14.535139921592089,0.008932946384079902
957.txt,0.034820347383324804,15.646799987465492,0.008802789849723726
6720.txt,0.040997454059625044,22.251318595078704,0.008691185350031782
5978.txt,0.04582096204814575,28.597318692148573,0.008568435772748403
1878.txt,0.04387806959402418,27.461130689846556,0.00837313908241294
9713.txt,0.03917183349077806,22.390032236479826,0.008278402540881472
5177.txt,0.03917183349077806,22.990617442079806,0.00816955841164939
5256.txt,0.06703083876921488,70.9534159648337,0.007957708005332692
4651.txt,0.0299968393948041,14.224380374299308,0.007953509776286569
6898.txt,0.036937454494414136,22.03823221158748,0.00786825788765065
6084.txt,0.0299968393948041,14.552434654410444,0.007863351127639466
5215.txt,0.036937454494414136,22.55979093155314,0.007776773100055323
7172.txt,0.023056224295194053,9.213117203518998,0.007595998851083507
7885.txt,0.036937454494414136,23.724630047809605,0.007583457177472908
1780.txt,0.040997454059625044,29.36802088685861,0.007565184911484786
1453.txt,0.0299968393948041,15.995405346070543,0.0075002868392252415
7234.txt,0.034056838960015004,20.68556599120455,0.00748808268893019
1102.txt,0.05017244815559902,45.41046664581291,0.007445387579689174
5747.txt,0.041760962482934844,32.74285922220024,0.00729814014930803
4159.txt,0.0299968393948041,17.3682822811177,0.007197755058064275
7190.txt,0.042540994257191635,35.14914007503812,0.007175468854087551
9826.txt,0.03917183349077806,29.905228318938608,0.007163088856555856
1531.txt,0.04706680762357649,43.96954688507781,0.007098044987081542
3819.txt,0.04793806915923509,46.484869871349105,0.007031123525320784
7806.txt,0.036937454494414136,28.225075402985805,0.006952634638646339
4505.txt,0.04190305522774588,36.48405133047439,0.006937358855939088
156.txt,0.036937454494414136,28.605821348724884,0.006906209557796321
2199.txt,0.036937454494414136,29.05533616737353,0.006852578367429063
9002.txt,0.034056838960015004,25.695478156050928,0.006718556657458136
4149.txt,0.04505745362483596,45.10045144262538,0.006709284373184506
6686.txt,0.034056838960015004,25.781413881999146,0.006707350018955576
8299.txt,0.042540994257191635,40.37692325740907,0.0066948526782253685
9090.txt,0.04387806959402418,43.28092482558456,0.006669591677093245
8730.txt,0.034056838960015004,26.356255832740793,0.006633801596671496
1373.txt,0.052242931504755424,62.18702481451666,0.006624874396209288
7338.txt,0.06730354573478728,103.23170295165195,0.0066241689219812255
3442.txt,0.03917183349077806,36.08255468642771,0.0065211660743237036
7782.txt,0.034820347383324804,28.54325321633381,0.006517504870236687
2960.txt,0.051425730610271135,62.46264741319614,0.006506842232379538
9331.txt,0.04387806959402418,45.74562383706528,0.006487430755699994
7854.txt,0.042540994257191635,43.17306382561525,0.006474424949000243
4938.txt,0.05431449075103038,70.55924774938556,0.006466045271519296
9531.txt,0.038361701305535345,35.35194511411993,0.006451953108084102
2853.txt,0.04387806959402418,46.408254875455754,0.006440949495849061
4427.txt,0.0299968393948041,21.71346556569111,0.006437406374179137
3750.txt,0.036937454494414136,33.11419111327926,0.006418889326820782
1618.txt,0.05017244815559902,61.88723415014319,0.006377709829463769
4001.txt,0.0299968393948041,22.26855664514276,0.006356667034645677
7277.txt,0.034056838960015004,28.72674982912465,0.006354203063479188
7688.txt,0.04387806959402418,48.39781919191074,0.00630717115266732
5664.txt,0.04043326055181029,41.83537404633002,0.006251250988589473
8096.txt,0.040997454059625044,43.27534960707909,0.0062321313109996975
489.txt,0.023056224295194053,13.708017304861725,0.006227315457826783
579.txt,0.03917183349077806,39.9151062129131,0.006200193666486265
5551.txt,0.036937454494414136,36.186641320799914,0.006140345739783545
3656.txt,0.05354160892201259,76.18701076093807,0.006134101395463522
9097.txt,0.0299968393948041,24.99133044157949,0.006000408386997254
9660.txt,0.05093595657890881,73.14833594576949,0.0059555550205464556
6326.txt,0.0299968393948041,25.453201156495727,0.005945717805945524
7079.txt,0.034056838960015004,32.82991459924106,0.005943872148448433
9901.txt,0.040997454059625044,47.60595627366169,0.0059419123503519
9249.txt,0.03917183349077806,43.52236709644963,0.0059376917233822145
549.txt,0.036937454494414136,38.79220735159088,0.005930546520297319
7809.txt,0.034056838960015004,33.02738707363537,0.005926076146563318
7670.txt,0.0299968393948041,25.804258833109284,0.005905134625368755
5330.txt,0.03917183349077806,44.234706620735594,0.005889688475259401
766.txt,0.0299968393948041,25.99494882161114,0.00588343574168132
6765.txt,0.040997454059625044,48.884790845946945,0.005863676567431445
8438.txt,0.040997454059625044,49.869147827378576,0.005805517177449572
9858.txt,0.03917183349077806,45.60655872950276,0.005800430773842861
1381.txt,0.034056838960015004,34.80349056597664,0.005772885373478545
2821.txt,0.036937454494414136,41.811283629256835,0.005712421075447894
2152.txt,0.040997454059625044,51.529509766070426,0.0057112199041251185
1870.txt,0.04505745362483596,63.33853411658742,0.00566151471421608
686.txt,0.023056224295194053,16.965993674997982,0.0055975571715187345
4363.txt,0.040997454059625044,54.299893202125425,0.005563619238158599
5520.txt,0.04793806915923509,74.44443353563216,0.005556027962597593
5815.txt,0.04505745362483596,65.78739022387866,0.005555143923764921
3989.txt,0.023056224295194053,17.31472473001083,0.005540901025476702
8821.txt,0.03917183349077806,50.04794446388668,0.005537079731467132
5915.txt,0.0299968393948041,29.463042392206326,0.005526328570634621
1968.txt,0.034056838960015004,38.08857770229376,0.0055183209774618165
5757.txt,0.036937454494414136,44.995558940163484,0.005506582340632876
5655.txt,0.034056838960015004,38.26270448057415,0.005505750209555482
2219.txt,0.040997454059625044,55.65675044394537,0.005495382985955566
2702.txt,0.023056224295194053,17.64600075874271,0.005488643731670409
2586.txt,0.03917183349077806,51.25476292778423,0.005471504808435083
6061.txt,0.034056838960015004,39.0223890150567,0.005451894067295989
2711.txt,0.036937454494414136,45.9546607297524,0.005448816483727218
1414.txt,0.0299968393948041,30.518887117464796,0.005429891497762827
3493.txt,0.0299968393948041,30.646233434084277,0.005418598160289464
7300.txt,0.0299968393948041,30.762844644687657,0.005408318401782583
2003.txt,0.023056224295194053,18.325466995961143,0.0053859294833400895
5252.txt,0.023056224295194053,18.33107077904813,0.005385106184802873
6252.txt,0.0299968393948041,31.065299503915654,0.005381926040879273
9850.txt,0.036937454494414136,47.109618433136646,0.0053816093579584804
4069.txt,0.034056838960015004,40.33822628130269,0.005362236158206959
2655.txt,0.0299968393948041,31.54590368649152,0.005340771670583731
8396.txt,0.036937454494414136,48.07171107124922,0.0053274842299476126
1794.txt,0.036937454494414136,48.090109138094135,0.005326465051689481
4840.txt,0.03917183349077806,55.1601559711308,0.005274255409818009
2272.txt,0.0299968393948041,32.41317837584875,0.005268836090965924
3186.txt,0.0299968393948041,32.8716961907187,0.005231960309029903
2696.txt,0.0299968393948041,33.308890553151095,0.005197510963566899
9960.txt,0.038361701305535345,54.61641117673635,0.005190823711036751
3211.txt,0.036937454494414136,51.00398767552951,0.005172075990697161
6774.txt,0.036937454494414136,51.02987924212819,0.00517076371892132
6642.txt,0.034820347383324804,45.51586474533961,0.005161212024514927
4359.txt,0.0299968393948041,33.79512806317102,0.005159985124430951
8688.txt,0.034056838960015004,43.71972806916686,0.005150692343191266
383.txt,0.03917183349077806,59.121701328785484,0.005094486763531409
6139.txt,0.03917183349077806,60.16706025836756,0.0050500363422280575
5247.txt,0.045302316405145385,81.59560146094556,0.00501518589000184
3119.txt,0.04387806959402418,76.59662068854148,0.005013519492004475
6333.txt,0.023056224295194053,21.217728186918215,0.005005399520006481
9540.txt,0.034056838960015004,46.47059141383277,0.004995917245826903
4647.txt,0.034820347383324804,48.88415776658669,0.004980225767595631
9471.txt,0.055784285426965965,125.90730952855345,0.004971488079979062
4473.txt,0.03917183349077806,62.97127858124868,0.004936312483736304
8241.txt,0.023056224295194053,21.93495910658878,0.004922885943061938
7832.txt,0.03917183349077806,63.726898965480075,0.00490695987769713
488.txt,0.04387806959402418,80.09345006661012,0.0049028545769088565
4580.txt,0.0299968393948041,37.46257575852775,0.004900909475606708
3436.txt,0.0299968393948041,37.48862064655846,0.004899206748034099
6953.txt,0.0299968393948041,37.630823851731876,0.004889941174606767
5492.txt,0.0299968393948041,37.655417837936625,0.004888344023438868
3900.txt,0.036937454494414136,57.18175463044031,0.004884703691989899
9564.txt,0.0299968393948041,38.10875039767193,0.004859181752765123
9798.txt,0.040997454059625044,71.65977935203796,0.0048430522507310015
8907.txt,0.0299968393948041,38.383507889158466,0.004841758978242115
4460.txt,0.023056224295194053,22.747991844335967,0.004834111423757022
849.txt,0.040997454059625044,71.9438973374935,0.004833479795676039
4786.txt,0.0299968393948041,38.73258391101102,0.00481989150730192
5230.txt,0.03917183349077806,66.6888238864201,0.00479675316295045
983.txt,0.036937454494414136,59.448851535553445,0.004790658667334042
7560.txt,0.034820347383324804,52.90307099180378,0.004787322202024916
4533.txt,0.03917183349077806,67.57748046791953,0.00476510968600998
3291.txt,0.0299968393948041,39.773405776309026,0.004756408070847403
1336.txt,0.034056838960015004,51.403105607973096,0.004750175512813517
4211.txt,0.03917183349077806,68.09419328796295,0.004746995939015729
4541.txt,0.03917183349077806,68.68528489220542,0.004726525962534326
9223.txt,0.0299968393948041,40.35109833365833,0.004722237412484019
1980.txt,0.023056224295194053,24.158860606732905,0.004690832920455745
830.txt,0.036937454494414136,62.47058427609322,0.004673359378272025
8213.txt,0.04505745362483596,93.61885614303488,0.004656772044418906
2293.txt,0.04611244859038811,98.07011884471635,0.00465639520408283
4549.txt,0.023056224295194053,24.538593874665185,0.0046543962279345635
3145.txt,0.04793806915923509,106.18334942472369,0.0046521351966453085
6932.txt,0.0299968393948041,41.66620275777176,0.004647116246732153
4798.txt,0.034056838960015004,53.73321821301024,0.004646039626422209
6036.txt,0.04582096204814575,97.69422005387588,0.004635854195455552
4862.txt,0.0299968393948041,42.091693032152065,0.00462356854637298
2885.txt,0.04387806959402418,91.41969772417654,0.004589101064475772
2364.txt,0.0299968393948041,42.879733186862,0.004580885753529384
5828.txt,0.023056224295194053,25.363347059697126,0.004578096114303602
5858.txt,0.03917183349077806,73.33468265598826,0.004574242569511232
3038.txt,0.048843670327355926,114.49327514693489,0.00456476371229126
3622.txt,0.042540994257191635,87.62951362592895,0.004544461571156201
6981.txt,0.040997454059625044,82.77395243174848,0.004506195622272107
5903.txt,0.023056224295194053,26.18673073182341,0.004505547235315075
9934.txt,0.040997454059625044,83.13466726916872,0.004496408979183103
4019.txt,0.0299968393948041,44.66731135642795,0.004488286712109687
2912.txt,0.034056838960015004,57.73426087730414,0.0044821618071355235
8085.txt,0.03917183349077806,76.38580665228201,0.004481955757028007
122.txt,0.0299968393948041,44.852667319554136,0.0044790030726319435
2872.txt,0.0299968393948041,44.971712126383515,0.004473070950432327
7278.txt,0.034056838960015004,58.02333551682831,0.004470982709006015
7499.txt,0.034056838960015004,58.115973655200804,0.00446741786551391
2859.txt,0.023056224295194053,26.66386955502692,0.004465052815686558
8445.txt,0.034056838960015004,58.23467615614456,0.004462862468155632
1464.txt,0.0299968393948041,45.39323667101646,0.004452253896872087
741.txt,0.04870157758254488,120.61443821202938,0.004434486941040988
2739.txt,0.023056224295194053,27.126450437411304,0.00442681837431738
2140.txt,0.04387806959402418,98.50583179542284,0.004420959550318371
9949.txt,0.0299968393948041,46.1578633053585,0.004415223062140038
1125.txt,0.034056838960015004,59.58413282814339,0.004412035764238485
1182.txt,0.0299968393948041,46.78533122875951,0.004385515432344951
1717.txt,0.023056224295194053,27.806059718908408,0.004372385675294152
9009.txt,0.0299968393948041,47.107467386491145,0.004370494920260339
4484.txt,0.023056224295194053,27.91182105956334,0.004364094058414516
4697.txt,0.0299968393948041,47.4620922042024,0.004354136687318008
1610.txt,0.03917183349077806,80.96822375398759,0.004353279921587626
1029.txt,0.034056838960015004,61.260443462046005,0.004351252317485191
3304.txt,0.0299968393948041,47.9915350018104,0.004330052653023981
6856.txt,0.03917183349077806,82.8498234198569,0.004303562417333044
9802.txt,0.0299968393948041,48.58772257376189,0.004303405061411571
1476.txt,0.0299968393948041,48.95535756239765,0.004287216193074988
1913.txt,0.0299968393948041,49.0447665243865,0.004283306597485182
6954.txt,0.0299968393948041,49.22313820851541,0.0042755387666585385
3712.txt,0.023056224295194053,29.19771592616986,0.00426691261712369
2614.txt,0.0299968393948041,49.770214964527746,0.004251975364476359
5296.txt,0.0299968393948041,49.916531870504045,0.004245739029220736
9812.txt,0.023056224295194053,29.502842432228707,0.004244790478575176
943.txt,0.04387806959402418,107.38642955401667,0.004234214072049087
4374.txt,0.0299968393948041,50.277679962467694,0.004230462827060784
838.txt,0.034056838960015004,64.8441601825404,0.004229303977386863
5320.txt,0.04706680762357649,123.87172233724002,0.004228912064356321
8494.txt,0.0299968393948041,50.461334673244444,0.004222757396295855
1545.txt,0.0299968393948041,50.537676661828435,0.004219566751668427
5967.txt,0.0299968393948041,50.593978043993786,0.004217218314384191
2243.txt,0.0299968393948041,50.87420601415484,0.00420558752436961
7567.txt,0.0299968393948041,51.186342178051376,0.004192745003558666
5321.txt,0.0299968393948041,51.4403306371114,0.0041823812812512295
8064.txt,0.034056838960015004,66.77250144278358,0.004167786971130264
3554.txt,0.0299968393948041,51.88161747811734,0.0041645563630707625
9655.txt,0.034820347383324804,70.09798198515276,0.004158917848464382
445.txt,0.040997454059625044,97.1988613520252,0.004158400354745839
6114.txt,0.0299968393948041,52.2554067092058,0.004149634844174371
1437.txt,0.034056838960015004,67.76949646647245,0.0041370160553995715
9922.txt,0.023056224295194053,31.130087574049952,0.004132358745153119
5091.txt,0.023056224295194053,31.142965416467007,0.0041315042766328055
8834.txt,0.0299968393948041,52.84343811174173,0.0041264820933244245
3916.txt,0.0299968393948041,52.98459124340415,0.00412098186861384
5872.txt,0.034056838960015004,68.50444638616602,0.004114764224903995
8089.txt,0.023056224295194053,31.54701746109322,0.004104960999341757
1405.txt,0.036937454494414136,81.22148330287676,0.004098561960189276
6972.txt,0.023056224295194053,31.93827287460289,0.004079739889682183
9722.txt,0.023056224295194053,32.02453560869581,0.004074241498782653
7641.txt,0.036937454494414136,82.21018836100065,0.004073841627182731
3899.txt,0.04582096204814575,126.71497127892023,0.00407052323954148
3502.txt,0.023056224295194053,32.3212952985438,0.004055494435379976
9709.txt,0.042540994257191635,111.07791274655882,0.0040363961263506125
3519.txt,0.034056838960015004,71.35191216619283,0.004031823646144334
8849.txt,0.023056224295194053,32.81338389411508,0.004024970286596956
6633.txt,0.03917183349077806,95.3542795058832,0.00401147237032802
8788.txt,0.0299968393948041,56.19413578575524,0.004001566140449969
7685.txt,0.023056224295194053,33.38327889366102,0.003990466718592507
1749.txt,0.023056224295194053,33.45075975221041,0.003986439664120195
3101.txt,0.036937454494414136,86.04921670003583,0.003981928912684999
1641.txt,0.034056838960015004,73.58762142122269,0.003970104634913197
3689.txt,0.0299968393948041,57.10373625198861,0.003969567904512699
4148.txt,0.034056838960015004,74.2486842641493,0.0039523914826451005
4317.txt,0.0299968393948041,57.815658219974864,0.0039450522600867005
2795.txt,0.0299968393948041,57.99333509103873,0.0039390043043712655
7415.txt,0.023056224295194053,34.33812125524807,0.00393459398278541
5090.txt,0.0299968393948041,58.55115585587918,0.003920195821455079
6894.txt,0.040997454059625044,109.41466770871455,0.00391939572882218
8920.txt,0.03917183349077806,99.9158039806335,0.003918833447364356
4618.txt,0.040997454059625044,109.4981681093994,0.00391790103016502
4177.txt,0.0299968393948041,59.09149103320447,0.0039022314393847594
4449.txt,0.023056224295194053,35.09100557869496,0.003892156383730914
9353.txt,0.023056224295194053,35.1305058151952,0.0038899676259195977
2405.txt,0.023056224295194053,35.13281142326097,0.0038898399833040493
9613.txt,0.034056838960015004,77.07658727991597,0.0038792082718991025
3147.txt,0.034056838960015004,77.20027901909728,0.0038760993558783997
8996.txt,0.023056224295194053,35.45077161075449,0.0038723565835480935
506.txt,0.023056224295194053,35.55444083785027,0.003866706976022396
9099.txt,0.0299968393948041,61.556018248362044,0.0038233163849391506
2383.txt,0.023056224295194053,36.42535244703692,0.003820201819255214
5332.txt,0.034056838960015004,79.67012423058682,0.0038155450759797004
8720.txt,0.023056224295194053,36.77161197479197,0.0038021728297139277
9216.txt,0.023056224295194053,36.813351251596515,0.0038000167511698366
7096.txt,0.034056838960015004,80.38983205317999,0.003798426919034891
2424.txt,0.023056224295194053,36.926642682265935,0.0037941830222872684
7020.txt,0.023056224295194053,37.183958300587314,0.0037810322243998634
8259.txt,0.0299968393948041,63.693328309013054,0.0037586209147121917
3541.txt,0.036937454494414136,96.60820429328757,0.003758027539177232
6590.txt,0.0299968393948041,64.04304983429185,0.0037483444674636063
7985.txt,0.03917183349077806,110.6337254818156,0.0037241754358117675
8464.txt,0.023056224295194053,38.3469623903092,0.0037232543418465594
3896.txt,0.036937454494414136,98.53267952151465,0.003721146913064399
8830.txt,0.023056224295194053,38.48980597594933,0.0037163390385682483
9168.txt,0.034056838960015004,84.48394538756861,0.003705247664352301
7030.txt,0.0299968393948041,65.66676461179979,0.0037017125236333014
1653.txt,0.023056224295194053,39.12433741980961,0.0036860794391724407
5318.txt,0.018846830932551826,26.149400310326055,0.003685593793636868
3349.txt,0.03917183349077806,113.27363084334006,0.003680522601578272
2189.txt,0.023056224295194053,39.31823482705796,0.003676979277522515
9219.txt,0.023056224295194053,39.65797699980573,0.0036611954174751576
6293.txt,0.023056224295194053,39.67828933353331,0.0036602581676025503
5800.txt,0.034056838960015004,86.6229216299449,0.0036592149530169163
8195.txt,0.023056224295194053,39.92336761495308,0.003649006227190311
8704.txt,0.023056224295194053,40.0403567886714,0.0036436715281896173
2159.txt,0.034056838960015004,87.47903645988691,0.0036412654497799844
6999.txt,0.023056224295194053,40.11586791882171,0.0036402406245847644
187.txt,0.034056838960015004,87.83300620253806,0.003633920836133267
5987.txt,0.023056224295194053,40.36466663836019,0.0036290044716255575
1010.txt,0.036937454494414136,106.36247426439127,0.003581564258145725
4135.txt,0.023056224295194053,41.44679432986881,0.003581316596947499
6889.txt,0.05081868469363423,201.7979934467225,0.0035773793728266015
8291.txt,0.03917183349077806,121.31101142509243,0.003556507983644971
2311.txt,0.04793806915923509,181.95538529380752,0.003553841714155298
3802.txt,0.0299968393948041,71.49148089843743,0.003547711953101416
6118.txt,0.023056224295194053,42.257185958600935,0.00354680981884776
6072.txt,0.023056224295194053,42.27917198491795,0.003545887492430022
7898.txt,0.023056224295194053,42.30958277071258,0.003544612927642764
8750.txt,0.042540994257191635,145.01061073808953,0.003532708026530285
5015.txt,0.034056838960015004,93.4227426661728,0.003523530452374669
6638.txt,0.023056224295194053,42.99164472030944,0.00351638289100482
3833.txt,0.03917183349077806,124.77235047035424,0.0035068300676468754
3946.txt,0.023056224295194053,43.27817429198909,0.003504723193036072
633.txt,0.0299968393948041,73.3472545954223,0.0035025437319506324
1615.txt,0.0299968393948041,73.70226362633457,0.003494098023801892
3507.txt,0.0299968393948041,73.79341972399442,0.0034919392489068226
881.txt,0.023056224295194053,43.610756861898736,0.0034913338285045923
5396.txt,0.023056224295194053,43.80130687889128,0.0034837313288818045
1354.txt,0.034056838960015004,95.84051472229424,0.003478802448072424
4156.txt,0.0299968393948041,74.41989717115082,0.0034772103613495654
6220.txt,0.034056838960015004,95.9794332694599,0.0034762839648888348
9534.txt,0.04043326055181029,137.3548555824758,0.0034499814193668524
8627.txt,0.0299968393948041,75.95726197315517,0.003441841344629447
9986.txt,0.036937454494414136,115.55540280418944,0.0034361477945617116
4793.txt,0.023056224295194053,45.03528977091921,0.0034356720961232906
8378.txt,0.023056224295194053,45.143787537166816,0.003431540996245461
4030.txt,0.023056224295194053,45.21428013153971,0.0034288649325666157
977.txt,0.0299968393948041,76.95937166183305,0.003419359325094862
4343.txt,0.0299968393948041,77.11200490324565,0.0034159735590509692
2524.txt,0.036937454494414136,118.20792703871145,0.0033973763756717265
5738.txt,0.023056224295194053,46.39734316723894,0.003384867181946262
9178.txt,0.03917183349077806,134.1682263060599,0.0033818088827309695
3354.txt,0.042540994257191635,161.15830436716084,0.003351052958321481
4400.txt,0.0299968393948041,80.19052871821526,0.003349762060331286
9230.txt,0.04387806959402418,172.15465504321037,0.003344168312278197
8043.txt,0.023056224295194053,47.69546235599735,0.003338486749154856
1270.txt,0.023056224295194053,48.00518721568081,0.003327699523448078
6878.txt,0.023056224295194053,48.299599501424225,0.00331754195303935
3191.txt,0.03917183349077806,139.63235597584438,0.0033149796512314815
73.txt,0.05564219268215493,281.75621167539094,0.003314877517319652
9966.txt,0.023056224295194053,48.58729332115643,0.0033077054989426448
7248.txt,0.0299968393948041,82.29605432206527,0.0033066329653641214
2121.txt,0.036937454494414136,124.93196382416676,0.003304685841770982
99.txt,0.0299968393948041,82.54966816713305,0.003301549643920116
2103.txt,0.023056224295194053,48.9511994952119,0.0032953877222188406
2522.txt,0.036937454494414136,127.27974032166188,0.003274065193675717
1882.txt,0.0299968393948041,84.09664101616615,0.00327104239615076
1693.txt,0.023056224295194053,49.90964208751428,0.0032635927573193826
5831.txt,0.023056224295194053,49.93085363440888,0.0032628994665037476
3156.txt,0.036937454494414136,130.415058234263,0.003234469746765994
2811.txt,0.038361701305535345,140.821511532022,0.003232684781406906
8563.txt,0.023056224295194053,51.02186513333551,0.003227825313776426
2868.txt,0.023056224295194053,51.031540284957345,0.0032275193149812914
2278.txt,0.05081868469363423,251.41677878830575,0.00320498714108915
5642.txt,0.0299968393948041,88.07527852526093,0.0031963069950436507
6601.txt,0.0299968393948041,88.88011401063427,0.0031818023360062593
7153.txt,0.040997454059625044,166.56281350624937,0.0031766390024214807
9574.txt,0.023056224295194053,52.797189168132164,0.003173092900345904
6526.txt,0.042540994257191635,180.8106032486925,0.003163702868855089
2396.txt,0.023056224295194053,53.1706625453587,0.0031619292812015854
5077.txt,0.034056838960015004,116.7878049831107,0.0031514149270208303
5241.txt,0.036937454494414136,137.4148111495429,0.0031510129680152607
3289.txt,0.023056224295194053,53.686750162420815,0.003146694859445054
601.txt,0.023056224295194053,53.77273321027103,0.003144178057313586
8649.txt,0.034056838960015004,118.11973549327178,0.003133596712193031
6848.txt,0.0299968393948041,92.42602318031732,0.003120170772291868
3353.txt,0.03917183349077806,157.9141067152776,0.0031171911587923222
953.txt,0.040997454059625044,174.33981284769195,0.0031049785204228684
2659.txt,0.034056838960015004,120.51651970452,0.0031022803712090793
9281.txt,0.023056224295194053,55.89511631111448,0.00308390688306197
6841.txt,0.04706680762357649,233.29346417111665,0.003081509114575116
5906.txt,0.023056224295194053,56.21611175754554,0.00307508968455889
446.txt,0.0299968393948041,96.08115351673484,0.003060246385494938
6117.txt,0.0299968393948041,96.17391731464994,0.00305877016110993
2360.txt,0.0299968393948041,96.33309140111334,0.00305624206704731
2441.txt,0.0299968393948041,96.37492412499986,0.0030555786952806805
8694.txt,0.0299968393948041,96.81981917182715,0.0030485502940246147
4552.txt,0.034056838960015004,124.9697310679488,0.003046505160697652
921.txt,0.0299968393948041,97.86444614587396,0.003032236188477949
4553.txt,0.034056838960015004,126.52480091961053,0.003027725541017503
3978.txt,0.0299968393948041,98.51018760511766,0.0030222815837629203
2390.txt,0.0299968393948041,99.18318904696962,0.0030120103773490794
9277.txt,0.023056224295194053,59.09879096463233,0.0029991548554012685
8282.txt,0.0299968393948041,100.15212470994986,0.002997404909131086
6531.txt,0.0299968393948041,100.38725637871563,0.002993892521091989
1383.txt,0.0299968393948041,100.60552607780375,0.002990643043309817
7802.txt,0.023056224295194053,59.74822841213055,0.002982810560974442
3846.txt,0.023056224295194053,59.803719595977896,0.0029814263819959654
8764.txt,0.023056224295194053,59.94780005061273,0.0029778413990060055
2555.txt,0.034056838960015004,131.0447546687856,0.0029750516826548895
8165.txt,0.023056224295194053,60.37382816945106,0.0029673162245447034
7773.txt,0.023056224295194053,60.42932171032586,0.002965953436570391
6394.txt,0.023056224295194053,60.84859666267915,0.002955717378347041
6240.txt,0.0299968393948041,103.15744054412072,0.002953420049129786
6336.txt,0.023056224295194053,61.00503440504922,0.0029519252112931776
9998.txt,0.0299968393948041,103.88611660665751,0.0029430439101548397
3370.txt,0.023056224295194053,62.02649298299322,0.0029275180071730725
1128.txt,0.023056224295194053,63.087326240549636,0.002902800088146422
9260.txt,0.0299968393948041,106.78736075850817,0.0029027896860831723
5072.txt,0.023056224295194053,63.20413928649225,0.002900116389405395
4575.txt,0.034820347383324804,144.33780263658554,0.002898298117915254
5989.txt,0.034056838960015004,138.42990732638594,0.0028946054247808274
1579.txt,0.023056224295194053,63.46879147211838,0.0028940636200110613
6553.txt,0.023056224295194053,63.47006277029594,0.002894034635982458
3321.txt,0.041760962482934844,208.53784776950656,0.0028918652722485535
282.txt,0.04870157758254488,283.92537969913946,0.0028902866828039234
8121.txt,0.023056224295194053,64.16616814964912,0.002878293890625955
5244.txt,0.023056224295194053,64.23275222691419,0.0028768016749887563
4267.txt,0.023056224295194053,64.43689722835904,0.0028722410071459355
4456.txt,0.034056838960015004,140.8288909173955,0.0028698450995055347
6670.txt,0.0299968393948041,109.34779797351662,0.002868603189815471
3820.txt,0.036937454494414136,167.19093480763962,0.0028566734612584343
5259.txt,0.034056838960015004,142.74913027615904,0.0028504773885327833
8394.txt,0.0299968393948041,110.8169558231992,0.0028495244646651163
4694.txt,0.03917183349077806,189.19302911860532,0.0028478776969772467
4378.txt,0.036937454494414136,168.39998336231147,0.0028464000676578214
6828.txt,0.036937454494414136,168.60070671307722,0.002844705207891322
4692.txt,0.036937454494414136,168.96018563595737,0.0028416774056149465
5991.txt,0.034056838960015004,143.9459321730935,0.0028386028699244528
7051.txt,0.023056224295194053,65.99523339401763,0.002838127513333058
4417.txt,0.023056224295194053,66.15485444773869,0.002834701472210743
4671.txt,0.036937454494414136,170.7047837414277,0.002827119182210828
1517.txt,0.0299968393948041,113.04505069203962,0.002821302939786131
8330.txt,0.036937454494414136,171.83844891666348,0.002817778111663706
7776.txt,0.034056838960015004,146.9797240965954,0.002809154476340629
458.txt,0.023056224295194053,67.51395844057554,0.0028060241364800823
78.txt,0.0299968393948041,114.7001406567177,0.0028008736808570744
5826.txt,0.0299968393948041,115.25791296646484,0.0027940882706671017
7355.txt,0.0299968393948041,115.70621735073354,0.0027886701621590033
4765.txt,0.023056224295194053,68.63448498557241,0.002783024302493152
9083.txt,0.034820347383324804,156.7859306809505,0.0027808627541927454
6659.txt,0.023056224295194053,68.89257502048847,0.0027778064338698032
5565.txt,0.042540994257191635,234.8631915236967,0.0027758766059275274
6077.txt,0.040997454059625044,218.2067790048056,0.002775382008060845
8926.txt,0.034056838960015004,154.10296089647855,0.0027434613369297133
7250.txt,0.023056224295194053,70.71346489535959,0.0027418085695533785
5578.txt,0.042540994257191635,240.98896657604186,0.002740369064734931
4355.txt,0.0299968393948041,119.82993315887937,0.002740266738990196
3087.txt,0.0299968393948041,121.40471426271897,0.0027224362713940795
2817.txt,0.034056838960015004,157.52442442032407,0.0027135034935173025
6338.txt,0.0299968393948041,122.8627560475647,0.0027062341573422357
7064.txt,0.04793806915923509,314.6039691179161,0.0027027037167214815
5600.txt,0.042540994257191635,247.88989729967992,0.0027019556867765226
8743.txt,0.040997454059625044,232.19930222217886,0.002690459337782071
6802.txt,0.023056224295194053,74.17232423140399,0.0026771163370507643
306.txt,0.0299968393948041,125.80208590278127,0.0026744321033312984
6810.txt,0.0299968393948041,127.03249925671898,0.002661448559781906
4557.txt,0.036937454494414136,192.6809976681849,0.002661016209288349
1655.txt,0.04793806915923509,324.7813214741117,0.002660020694291154
5359.txt,0.0299968393948041,127.24394290022671,0.0026592363509189572
2410.txt,0.034056838960015004,164.252124598331,0.002657350481278516
6150.txt,0.04387806959402418,274.3604298353808,0.002649029381940997
5210.txt,0.023056224295194053,76.47805480516813,0.002636451410561488
3521.txt,0.023056224295194053,76.72603825176536,0.0026321873728517076
2225.txt,0.023056224295194053,78.8805764783452,0.0025959908085282156
8640.txt,0.023056224295194053,78.89262201105561,0.0025957926196159067
502.txt,0.023056224295194053,79.85128993535619,0.002580163458624154
9652.txt,0.0299968393948041,135.6536760281331,0.00257548908900328
2536.txt,0.023056224295194053,80.49024990825289,0.0025699019296766277
3943.txt,0.0299968393948041,136.67109639607747,0.002565884827245027
4504.txt,0.023056224295194053,80.76875291787603,0.0025654673962421746
1025.txt,0.0299968393948041,139.0137957202747,0.0025441724588523766
3577.txt,0.023056224295194053,82.16690701503725,0.0025435467174952024
1438.txt,0.034056838960015004,179.53707714798844,0.002541717390843231
3368.txt,0.023056224295194053,82.68422362473193,0.002535577340226594
110.txt,0.040997454059625044,262.7003312587024,0.002529452787540066
2875.txt,0.023056224295194053,83.2913562438472,0.002526319192784628
1165.txt,0.023056224295194053,83.41526601314119,0.002524442126511559
5225.txt,0.023056224295194053,83.61573683103151,0.0025214141039512777
5206.txt,0.0299968393948041,142.2388294084101,0.0025151646071937942
4890.txt,0.023056224295194053,84.33410314756719,0.0025106523087997826
8874.txt,0.0299968393948041,143.66313505930762,0.00250266562295363
7913.txt,0.0299968393948041,144.71382538837676,0.002493563808164838
1731.txt,0.0299968393948041,145.01009720061845,0.002491015191146496
4153.txt,0.023056224295194053,86.26663660271187,0.002482371379600712
4814.txt,0.0299968393948041,146.83321470703677,0.0024755023576205643
7321.txt,0.034056838960015004,189.5095727981119,0.0024739377037474946
8083.txt,0.034056838960015004,190.89170277074567,0.0024649652990275626
5768.txt,0.034056838960015004,191.52121311071733,0.002460910922218316
6874.txt,0.023056224295194053,88.32746543557082,0.002453241507706944
234.txt,0.0299968393948041,149.7888969153633,0.002450956969608384
8452.txt,0.023056224295194053,88.98148547327327,0.0024442091330545658
9148.txt,0.034056838960015004,196.448005306114,0.0024298559282637765
47.txt,0.0299968393948041,153.16750019464314,0.0024237743527282096
1937.txt,0.034056838960015004,197.759225241044,0.002421787090168278
7469.txt,0.036937454494414136,234.7911832235731,0.0024106050995931693
996.txt,0.023056224295194053,91.74892708636978,0.0024070642971126934
6924.txt,0.036937454494414136,236.05314122088535,0.0024041528255981733
5922.txt,0.023056224295194053,93.28423670320208,0.0023871738986761346
9327.txt,0.04706680762357649,390.52703556157996,0.0023817117007657903
8588.txt,0.023056224295194053,93.84770527427199,0.0023799967249677227
7859.txt,0.019986892254050953,70.99986490205224,0.00237200996985757
3000.txt,0.023056224295194053,94.58172619980729,0.0023707435102593715
9419.txt,0.0299968393948041,160.75614296657753,0.002365874531152921
7201.txt,0.023056224295194053,94.99857667638844,0.0023655364214870676
8088.txt,0.0299968393948041,162.32836279560885,0.0023543893990083174
9909.txt,0.023056224295194053,96.5985808486305,0.00234586391766219
669.txt,0.023056224295194053,96.697345576315,0.0023446656024427403
4683.txt,0.023056224295194053,97.31796885856963,0.0023371773580566444
2796.txt,0.023056224295194053,97.7296040803395,0.0023322500910447535
2253.txt,0.043043116549245,341.547398792969,0.002329046813908192
6918.txt,0.0299968393948041,165.98247294314905,0.002328329187771207
7819.txt,0.034056838960015004,217.17185833412634,0.0023110139230256587
975.txt,0.023056224295194053,100.16449764229061,0.002303728418633448
9275.txt,0.036937454494414136,257.08795871942993,0.002303700917098252
7432.txt,0.0299968393948041,171.71451333346857,0.0022891381128837007
4990.txt,0.0299968393948041,172.13149340635906,0.002286363769467656
7171.txt,0.023056224295194053,101.88304921377392,0.0022842162733625413
9701.txt,0.0299968393948041,173.07303400046482,0.002280136224964773
1455.txt,0.023056224295194053,102.26815960440838,0.002279911389348001
2937.txt,0.036937454494414136,264.45247250945124,0.002271397520040669
4477.txt,0.0299968393948041,174.47744367581168,0.0022709410095877814
4613.txt,0.03917183349077806,304.7091530090762,0.0022440428720115
2269.txt,0.0299968393948041,180.6866873330929,0.002231579791953584
4350.txt,0.023056224295194053,107.00952886612657,0.002228830090752667
782.txt,0.036937454494414136,274.7145735593164,0.002228569146155081
8904.txt,0.023056224295194053,107.19374369379396,0.002226914120249698
8363.txt,0.034056838960015004,236.5829236814351,0.002214178546551381
747.txt,0.023056224295194053,108.44449905395997,0.002214034708880104
4523.txt,0.0299968393948041,183.61265963060242,0.002213727637846046
7529.txt,0.023056224295194053,109.1084168564342,0.002207288299901292
8575.txt,0.0299968393948041,185.49386396064943,0.00220247366313994
5674.txt,0.0299968393948041,187.75903408802424,0.002189147763578323
8052.txt,0.023056224295194053,110.98926075288028,0.0021885058356668806
6690.txt,0.023056224295194053,111.13956339075546,0.002187025492045397
8.txt,0.023056224295194053,111.75415117195176,0.0021810034686453156
3855.txt,0.023056224295194053,112.99846290974227,0.0021689618858388385
1527.txt,0.036937454494414136,290.27674415992715,0.0021680078060185353
4231.txt,0.023056224295194053,113.97698571310283,0.0021596312582212365
9357.txt,0.023056224295194053,114.22184901637485,0.0021573151594878382
8872.txt,0.023056224295194053,116.07532741839513,0.002140021958929775
8377.txt,0.036937454494414136,301.0097576497615,0.0021290049743296732
4402.txt,0.023056224295194053,118.2540275650534,0.002120216538392682
4104.txt,0.0299968393948041,200.43492840351584,0.0021187942966012295
7332.txt,0.023056224295194053,120.4125620278084,0.002101126933690411
6926.txt,0.036937454494414136,309.98541469188933,0.002097955795047787
709.txt,0.023056224295194053,122.02460537861782,0.0020872020010697075
1187.txt,0.034056838960015004,267.04996452089745,0.002084049708339982
2155.txt,0.023056224295194053,122.88465775902823,0.0020798851600572214
947.txt,0.023056224295194053,123.11113467413283,0.002077971186917406
4673.txt,0.023056224295194053,123.19141100837551,0.0020772940329976306
9681.txt,0.0299968393948041,211.96694943862184,0.002060351997512893
6829.txt,0.023056224295194053,125.43226034956002,0.0020586549654334108
3117.txt,0.04387806959402418,455.47506693297015,0.002055962592039068
9188.txt,0.023056224295194053,126.5179688635177,0.0020498028038358185
362.txt,0.042540994257191635,430.91115342475,0.0020493388268371503
6096.txt,0.023056224295194053,128.57876949342284,0.002033309809079454
4992.txt,0.0299968393948041,217.91058448150355,0.0020320591016386694
4129.txt,0.023056224295194053,128.96267652130553,0.0020302810888580486
4512.txt,0.034056838960015004,282.1207335345858,0.0020276212475705034
2694.txt,0.0299968393948041,220.2388964048637,0.0020212893454756298
7858.txt,0.0299968393948041,221.50220207179973,0.0020155170380929646
6423.txt,0.036937454494414136,335.97162598339804,0.002015188437194169
2961.txt,0.023056224295194053,132.36264419423048,0.0020040357801232524
222.txt,0.023056224295194053,133.90106673570057,0.0019924900896163803
5049.txt,0.0299968393948041,227.95223603627164,0.001986797338454557
2057.txt,0.023056224295194053,135.04050909720382,0.0019840661838102292
2056.txt,0.023056224295194053,136.71888764076553,0.00197185025188855
2866.txt,0.023056224295194053,136.7307846848017,0.0019717644639672127
4011.txt,0.0299968393948041,231.49903694898177,0.001971518712650038
7313.txt,0.023056224295194053,136.942012173524,0.001970243193837978
7431.txt,0.0299968393948041,233.27513634106094,0.00196399904329822
6586.txt,0.040997454059625044,438.9400100208842,0.00195683543125022
7027.txt,0.023056224295194053,138.93345787127743,0.001956071682449244
5287.txt,0.023056224295194053,139.16555934457273,0.0019544398254770948
9193.txt,0.023056224295194053,139.4913871161546,0.001952155874148191
4507.txt,0.023056224295194053,139.8524911712723,0.0019496339775973807
2664.txt,0.023056224295194053,140.67622131756374,0.001943917552607481
9243.txt,0.015305477010341288,62.161833057027266,0.0019412656191907507
8219.txt,0.0299968393948041,239.4410920639006,0.0019385461993778037
17.txt,0.03917183349077806,409.7927324322082,0.0019350481395995428
1008.txt,0.023056224295194053,142.03239518210944,0.0019346146979634486
6026.txt,0.034056838960015004,312.10443812007463,0.0019277662096125559
3523.txt,0.023056224295194053,144.4143761133787,0.001918593523871245
2844.txt,0.023056224295194053,144.51998712423156,0.0019178923695289266
3784.txt,0.023056224295194053,145.9508026860952,0.001908468272932589
8024.txt,0.023056224295194053,147.8218729975459,0.0018963514933725727
9339.txt,0.023056224295194053,147.87631491667975,0.0018960023822971344
3141.txt,0.0299968393948041,250.5153657754845,0.0018952142504617552
5955.txt,0.023056224295194053,151.98201922376796,0.0018702173570984027
3128.txt,0.023056224295194053,152.21833973816288,0.0018687650274943704
5857.txt,0.011764123088130747,39.98078222904366,0.001860518172999764
2788.txt,0.0299968393948041,262.0869070586149,0.0018529036423504083
4974.txt,0.0299968393948041,264.27982378129275,0.0018452002024502755
2112.txt,0.023056224295194053,156.6599080501349,0.0018420832550418457
4143.txt,0.0299968393948041,265.58863038881935,0.0018406480632498
5830.txt,0.04505745362483596,600.5698912669168,0.001838589885138643
6127.txt,0.023056224295194053,157.97512823797928,0.0018343991061279118
9817.txt,0.011764123088130747,41.236801804257,0.001831964578333552
2619.txt,0.023056224295194053,158.57908038341304,0.0018309025978175723
5135.txt,0.023056224295194053,158.76488310214484,0.0018298309305122662
4727.txt,0.023056224295194053,158.87910515551616,0.001829173057267787
2026.txt,0.034056838960015004,352.03433841132784,0.0018151470820390297
9185.txt,0.034056838960015004,352.6332655977516,0.0018136049658452284
4556.txt,0.023056224295194053,161.92908288509759,0.0018118646851795158
2074.txt,0.0299968393948041,274.52490553997194,0.0018104420263334244
9829.txt,0.0299968393948041,275.7568003091856,0.0018063935849572256
8365.txt,0.042540994257191635,555.631396498056,0.001804738349512885
3153.txt,0.023056224295194053,164.46758307874268,0.0017978275579934753
4657.txt,0.0299968393948041,279.2286498907698,0.001795128366372459
5722.txt,0.0299968393948041,280.74238165240547,0.0017902822586713552
7114.txt,0.023056224295194053,168.650487254687,0.0017753925300399262
8753.txt,0.023056224295194053,169.32327412971463,0.0017718618586800787
6226.txt,0.036937454494414136,434.92863248720437,0.001771160685182718
8002.txt,0.023056224295194053,170.14728687803586,0.0017675661429006524
6066.txt,0.0299968393948041,290.195336876058,0.001760882117778722
2665.txt,0.03917183349077806,503.20638571925076,0.0017462275185321362
9103.txt,0.034056838960015004,386.9929028751215,0.0017312222915132258
6671.txt,0.023056224295194053,177.59873995072775,0.00173008821693592
2090.txt,0.023056224295194053,180.41243013135005,0.0017165440791908045
1681.txt,0.023056224295194053,183.03261968648775,0.0017042132617473649
7810.txt,0.0299968393948041,312.4049659976772,0.0016971355605764002
2941.txt,0.023056224295194053,185.6357558224007,0.0016922221411078831
8927.txt,0.023056224295194053,186.93254805256174,0.001686342267138138
7481.txt,0.03917183349077806,544.8669348508591,0.0016781418687756818
8061.txt,0.023056224295194053,191.1499964419705,0.0016676351528778087
834.txt,0.0299968393948041,324.93257445443027,0.0016640978983492442
8227.txt,0.049481609356801674,893.3876126132348,0.0016554796750561528
8988.txt,0.023056224295194053,194.49397628813898,0.001653236978635902
2126.txt,0.023056224295194053,194.5250760261303,0.0016531048175462023
7387.txt,0.04611244859038811,780.7479900301175,0.0016502994184438235
779.txt,0.040997454059625044,634.9296396555229,0.00162702447986663
1939.txt,0.023056224295194053,201.20545034034387,0.001625430175244156
360.txt,0.023056224295194053,201.70942298598592,0.0016233983300011105
9059.txt,0.040997454059625044,671.4874667126796,0.0015821145784991077
8829.txt,0.023056224295194053,214.86130882948015,0.001572928856438632
8943.txt,0.023056224295194053,214.93860995462953,0.0015726459847280952
5962.txt,0.023056224295194053,218.82042223112387,0.0015586344193286134
7311.txt,0.036937454494414136,573.5007663721029,0.0015424104604255353
6922.txt,0.023056224295194053,228.6615939767408,0.0015247251891281229
3348.txt,0.023056224295194053,231.49707898482976,0.0015153586439922613
9047.txt,0.023056224295194053,237.02632567662653,0.0014975795337316342
712.txt,0.023056224295194053,237.44461850174443,0.001496259851469656
5821.txt,0.0299968393948041,404.02763151413916,0.0014923475057697165
6229.txt,0.011764123088130747,63.732583629324076,0.0014735972338581012
2564.txt,0.011764123088130747,64.4106725592645,0.001465819999616353
3433.txt,0.023056224295194053,248.93191427060114,0.0014613286502147304
2624.txt,0.0299968393948041,430.2094088588897,0.0014462239378484128
3766.txt,0.0299968393948041,431.9981448404524,0.001443226707149889
49.txt,0.023056224295194053,255.44821786437865,0.0014425695134996808
9958.txt,0.0299968393948041,432.53746548048446,0.0014423266640378276
7395.txt,0.011764123088130747,68.54950691573801,0.0014208799706129948
7741.txt,0.023056224295194053,265.41017023786407,0.0014152377620535814
528.txt,0.023056224295194053,265.96072568416423,0.001413772187569392
5705.txt,0.023056224295194053,267.7280989750222,0.0014090980414243263
8033.txt,0.034056838960015004,594.4487410261999,0.0013968415018182799
5511.txt,0.042540994257191635,935.2483170480868,0.0013910545727372375
4497.txt,0.011764123088130747,73.26396202823251,0.0013744038382842373
9177.txt,0.023056224295194053,287.2825638707359,0.0013602964177526634
324.txt,0.023056224295194053,289.7551977600584,0.001354479919047795
6102.txt,0.023056224295194053,296.75760617821163,0.0013384041014205274
3275.txt,0.023056224295194053,301.0137071378753,0.0013289084172064425
2242.txt,0.034056838960015004,659.5857979592918,0.0013260768327848854
2300.txt,0.034056838960015004,659.5933037140763,0.001326069287805432
9386.txt,0.0299968393948041,517.6556915753823,0.0013184236995650513
8771.txt,0.023056224295194053,312.79557717828817,0.0013036406272612332
1255.txt,0.0299968393948041,540.2129080433361,0.0012906040371095172
4090.txt,0.023056224295194053,321.83945804694446,0.0012851935706351258
9731.txt,0.023056224295194053,328.9278112116194,0.0012712702704564165
608.txt,0.023056224295194053,337.46807005936563,0.0012550812583611054
5112.txt,0.023056224295194053,338.38063980444355,0.0012533877181468442
7392.txt,0.023056224295194053,340.1984007974572,0.001250034658711558
4042.txt,0.023056224295194053,346.8701041087824,0.0012379547001384462
9393.txt,0.0299968393948041,608.13837628164,0.00121639406576424
705.txt,0.023056224295194053,362.4096789190752,0.0012111231190545702
9300.txt,0.023056224295194053,364.8789582650941,0.0012070180890545853
2013.txt,0.0299968393948041,623.154683556068,0.0012016488249886855
539.txt,0.034056838960015004,803.883304403333,0.0012011792775343537
2799.txt,0.023056224295194053,370.0217913791736,0.0011986007295699725
3459.txt,0.023056224295194053,379.2422753265519,0.0011839403351973437
1723.txt,0.0299968393948041,649.3355779060715,0.0011771746423221948
2044.txt,0.023056224295194053,401.4277210918288,0.0011507593398431104
2504.txt,0.023056224295194053,414.93696267862066,0.0011318715048505732
4932.txt,0.011764123088130747,114.15702512866544,0.0011010530353411097
9718.txt,0.023056224295194053,450.5755166661984,0.0010861864824227587
578.txt,0.011764123088130747,125.85407449805516,0.001048638792790153
7683.txt,0.023056224295194053,497.0619848538363,0.0010341485170894174
6037.txt,0.023056224295194053,511.3040329820485,0.001019644026350972
6653.txt,0.0299968393948041,873.299078895161,0.0010150653353917772
7876.txt,0.023056224295194053,530.5386574209272,0.0010009898444694903
930.txt,0.023056224295194053,532.5874758164563,0.0009990626281333927
7750.txt,0.0299968393948041,903.947872393427,0.0009977088036880113
4520.txt,0.023056224295194053,559.0757703042068,0.0009751082996615393
1324.txt,0.023056224295194053,560.3335250541414,0.0009740132945873179
7698.txt,0.023056224295194053,599.7524586265534,0.0009414606440590876
8981.txt,0.023056224295194053,652.6997400488339,0.0009024672872948627
7548.txt,0.023056224295194053,693.4035837624557,0.0008755786181157364
2165.txt,0.023056224295194053,697.1266412367903,0.000873237441256446
9787.txt,0.023056224295194053,736.8642362011341,0.0008493651724934843
9202.txt,0.011764123088130747,192.9220194400879,0.0008469712335170345
940.txt,0.011764123088130747,197.29800042420348,0.0008375258455641382
8459.txt,0.023056224295194053,773.5238768658038,0.0008289938838799666
3908.txt,0.023056224295194053,801.0081605297185,0.0008146474793545077
1262.txt,0.036937454494414136,2079.3544455202673,0.0008100329787062694
4962.txt,0.011764123088130747,312.903068055405,0.0006650505380336862
3861.txt,0.011764123088130747,445.04879825723475,0.0005576423433607654
31.txt,0.011764123088130747,1150.7182447177286,0.000346796783208875
3538.txt,0.0,97.47702077338018,0.0
9469.txt,0.0,32.86581008496759,0.0
685.txt,0.0,228.60155393665363,0.0
9141.txt,0.0,82.81647346214247,0.0
2194.txt,0.0,137.2657252195878,0.0
1355.txt,0.0,35.53392966820338,0.0
4134.txt,0.0,69.7896649152536,0.0
7927.txt,0.0,77.33796160513789,0.0
9247.txt,0.0,51.829886427513564,0.0
9955.txt,0.0,138.9107597591976,0.0
4004.txt,0.0,52.84771934806924,0.0
8689.txt,0.0,77.84575984002392,0.0
6771.txt,0.0,132.4292778970579,0.0
750.txt,0.0,115.21779910545465,0.0
851.txt,0.0,20.82792875846335,0.0
2954.txt,0.0,169.218164168523,0.0
1941.txt,0.0,21.782126221435917,0.0
4936.txt,0.0,88.6122572989582,0.0
4623.txt,0.0,25.145936806073777,0.0
4514.txt,0.0,139.1268233080747,0.0
7900.txt,0.0,68.0005065885175,0.0
9870.txt,0.0,58.172730344475866,0.0
1442.txt,0.0,601.4254066520064,0.0
7298.txt,0.0,1065.729397314959,0.0
3620.txt,0.0,31.0068039976732,0.0
7589.txt,0.0,82.47664789039437,0.0
5220.txt,0.0,138.96541627637163,0.0
4675.txt,0.0,744.6642257568406,0.0
5199.txt,0.0,205.17290917120542,0.0
2815.txt,0.0,127.13177348670916,0.0
2700.txt,0.0,66.79339495142843,0.0
6058.txt,0.0,75.18113853628957,0.0
1170.txt,0.0,33.54721746918217,0.0
7680.txt,0.0,50.3072964877483,0.0
3033.txt,0.0,61.818609149097746,0.0
3389.txt,0.0,55.82803912940714,0.0
1374.txt,0.0,388.32986469388845,0.0
285.txt,0.0,17.39843880137944,0.0
2758.txt,0.0,94.66170573538687,0.0
6583.txt,0.0,164.3899127371606,0.0
4246.txt,0.0,87.42592200428822,0.0
1798.txt,0.0,93.2170399694448,0.0
5867.txt,0.0,339.03403656102796,0.0
5975.txt,0.0,198.2855245140293,0.0
1042.txt,0.0,44.34935657368567,0.0
9789.txt,0.0,42.44571950017585,0.0
7663.txt,0.0,70.60393710893715,0.0
254.txt,0.0,124.03189752610346,0.0
6546.txt,0.0,22.339884205438263,0.0
4732.txt,0.0,494.9139745730691,0.0
2084.txt,0.0,321.50377856919096,0.0
87.txt,0.0,151.4528713807226,0.0
1953.txt,0.0,257.58503207010426,0.0
8971.txt,0.0,24.729162687173297,0.0
597.txt,0.0,41.274009426680834,0.0
3654.txt,0.0,79.59261569087158,0.0
5637.txt,0.0,58.15812259802004,0.0
5110.txt,0.0,28.474745668962562,0.0
494.txt,0.0,28.11323400962086,0.0
7483.txt,0.0,83.31006066931738,0.0
2728.txt,0.0,129.85568877852353,0.0
2634.txt,0.0,146.97895437935338,0.0
4716.txt,0.0,68.87325971881592,0.0
3078.txt,0.0,447.89708573922576,0.0
5745.txt,0.0,112.86537128713782,0.0
1409.txt,0.0,126.45586490384876,0.0
3225.txt,0.0,23.03898166419373,0.0
7168.txt,0.0,438.5616718738158,0.0
5825.txt,0.0,65.16307382536424,0.0
6266.txt,0.0,86.6668037637461,0.0
5840.txt,0.0,45.940498871178605,0.0
1052.txt,0.0,32.12428000383355,0.0
42.txt,0.0,61.149600753666576,0.0
5891.txt,0.0,77.96731564213218,0.0
1942.txt,0.0,58.88199136243567,0.0
246.txt,0.0,141.23999239658437,0.0
3719.txt,0.0,1239.5560148133895,0.0
748.txt,0.0,193.30243421199924,0.0
6123.txt,0.0,121.96420719554015,0.0
831.txt,0.0,238.22368349119884,0.0
754.txt,0.0,160.8447219977739,0.0
3938.txt,0.0,40.74317867076041,0.0
9969.txt,0.0,279.5033501515086,0.0
1294.txt,0.0,38.34883703742617,0.0
1752.txt,0.0,161.4779558225744,0.0
7971.txt,0.0,32.64468851640216,0.0
6173.txt,0.0,517.1796949680238,0.0
8476.txt,0.0,372.0756044810411,0.0
3596.txt,0.0,20.791382213004127,0.0
7547.txt,0.0,119.44891519059595,0.0
9668.txt,0.0,147.2000820652982,0.0
9913.txt,0.0,44.87923744391207,0.0
439.txt,0.0,79.59196645629996,0.0
83.txt,0.0,145.15281784129624,0.0
231.txt,0.0,39.627538713294335,0.0
3001.txt,0.0,49.06831109854521,0.0
5407.txt,0.0,129.47637864476542,0.0
7001.txt,0.0,72.14674060731784,0.0
9822.txt,0.0,21.601139554495646,0.0
9854.txt,0.0,84.49622298528544,0.0
5133.txt,0.0,89.42136306394055,0.0
9101.txt,0.0,48.53314584513326,0.0
3366.txt,0.0,2312.1947140283955,0.0
377.txt,0.0,30.61638230608728,0.0
584.txt,0.0,159.43792337740516,0.0
1344.txt,0.0,48.073249024670446,0.0
4653.txt,0.0,759.7762854004694,0.0
5979.txt,0.0,59.37153692620608,0.0
2927.txt,0.0,219.75034276999844,0.0
5143.txt,0.0,93.49738641846787,0.0
2641.txt,0.0,65.79266614847924,0.0
2551.txt,0.0,89.3203896607848,0.0
6038.txt,0.0,20.612937653191533,0.0
9345.txt,0.0,133.81350300748392,0.0
9267.txt,0.0,517.0371543702133,0.0
9238.txt,0.0,214.45567668743587,0.0
4491.txt,0.0,36.922094098405054,0.0
5573.txt,0.0,207.57344715560458,0.0
4637.txt,0.0,390.8022680848713,0.0
4392.txt,0.0,84.80104894960945,0.0
191.txt,0.0,42.42684272777905,0.0
9215.txt,0.0,52.33510310601949,0.0
6696.txt,0.0,112.82992455783678,0.0
1144.txt,0.0,476.1058339491563,0.0
8804.txt,0.0,118.80438726431242,0.0
6756.txt,0.0,154.97220485425782,0.0
6920.txt,0.0,55.353001161934266,0.0
7470.txt,0.0,71.9352281363545,0.0
5017.txt,0.0,127.07749428534572,0.0
1026.txt,0.0,125.95979077931283,0.0
7967.txt,0.0,126.00199121597925,0.0
107.txt,0.0,165.66146938488166,0.0
5375.txt,0.0,213.65973980879002,0.0
5310.txt,0.0,112.55712645206589,0.0
2145.txt,0.0,86.48911136560295,0.0
5386.txt,0.0,58.17098686762445,0.0
4566.txt,0.0,160.6992370597082,0.0
5167.txt,0.0,128.7100638145021,0.0
1955.txt,0.0,192.68077915649317,0.0
4537.txt,0.0,67.90787170025925,0.0
1903.txt,0.0,46.270521638052706,0.0
4917.txt,0.0,246.9660619046826,0.0
8355.txt,0.0,124.90059610644775,0.0
2197.txt,0.0,14.14365846274155,0.0
2113.txt,0.0,162.50140031932446,0.0
2638.txt,0.0,73.17676768351988,0.0
6805.txt,0.0,40.505737027185646,0.0
2301.txt,0.0,35.00864836215011,0.0
9105.txt,0.0,69.18074763527422,0.0
5706.txt,0.0,59.36245896402219,0.0
2939.txt,0.0,59.64359465472978,0.0
7367.txt,0.0,69.50349972766544,0.0
1121.txt,0.0,454.028343476112,0.0
7556.txt,0.0,123.85052461350259,0.0
1387.txt,0.0,111.23863386282211,0.0
2589.txt,0.0,679.2439931413518,0.0
6629.txt,0.0,56.65633624871912,0.0
9699.txt,0.0,91.89085955779392,0.0
2086.txt,0.0,54.168128721178036,0.0
8364.txt,0.0,61.30618576096368,0.0
7430.txt,0.0,45.78202821717574,0.0
117.txt,0.0,75.8939635606848,0.0
5772.txt,0.0,35.4816633519969,0.0
656.txt,0.0,60.13169488206356,0.0
1818.txt,0.0,186.53578987989047,0.0
7635.txt,0.0,54.01596639870389,0.0
3496.txt,0.0,133.0041868280006,0.0
1895.txt,0.0,36.469792807330556,0.0
8795.txt,0.0,118.82935320992978,0.0
5759.txt,0.0,24.414188651822712,0.0
9529.txt,0.0,434.4743124404475,0.0
4644.txt,0.0,41.42680353065193,0.0
2251.txt,0.0,282.2427985803734,0.0
9203.txt,0.0,114.12988458295892,0.0
1110.txt,0.0,47.31420439833909,0.0
9031.txt,0.0,539.6458085003551,0.0
4973.txt,0.0,129.8624417724354,0.0
2040.txt,0.0,184.6467396963766,0.0
5618.txt,0.0,97.79105685485982,0.0
2330.txt,0.0,170.73049671365558,0.0
8662.txt,0.0,36.56148882539287,0.0
7181.txt,0.0,30.111497303797627,0.0
84.txt,0.0,54.94888803932543,0.0
5837.txt,0.0,52.089777355899535,0.0
3190.txt,0.0,1117.8856600486088,0.0
695.txt,0.0,30.86960935176855,0.0
2081.txt,0.0,364.3758452613672,0.0
5715.txt,0.0,53.18186873777293,0.0
7339.txt,0.0,128.5150221042314,0.0
742.txt,0.0,89.22529617567125,0.0
6986.txt,0.0,42.97104501025934,0.0
9430.txt,0.0,61.460450705490985,0.0
1697.txt,0.0,148.06382133636254,0.0
3816.txt,0.0,152.16435162949665,0.0
5734.txt,0.0,1098.4543016737327,0.0
9756.txt,0.0,82.41598812991185,0.0
342.txt,0.0,220.53770115960558,0.0
2397.txt,0.0,84.6394225507048,0.0
5555.txt,0.0,145.90967345422845,0.0
1119.txt,0.0,50.574619154306,0.0
2917.txt,0.0,359.577421972843,0.0
9782.txt,0.0,56.77429309390726,0.0
4679.txt,0.0,28.157704292833184,0.0
5728.txt,0.0,45.16254180372074,0.0
77.txt,0.0,472.85222988619574,0.0
3675.txt,0.0,815.9835792101168,0.0
3316.txt,0.0,24.348339178240522,0.0
8908.txt,0.0,35.22334997155115,0.0
9133.txt,0.0,1190.668423518329,0.0
6345.txt,0.0,50.75587913333798,0.0
5223.txt,0.0,45.56993770390074,0.0
